Fecha,Aceites lubricantes,Asfalto,Bunker,Ceras,Combustible turbo jet,Diesel bajo azufre,Diesel ultra bajo azufre,Gas licuado de petr贸leo,Gasolina de aviaci贸n,Gasolina regular,Gasolina superior,Grasas lubricantes,Kerosina,Mezclas oleosas,Naftas,PetCoke,Petr贸leo crudo,Solventes,Butano,Diesel alto azufre,Orimulsi贸n,Total
Jan/2000,0.0,48446.0,296766.99,0.0,0.0,0.0,0.0,194410.48,1426.0,202645.2,308156.82,0.0,64026.09,0.0,0.0,0.0,0.0,0.0,0.0,634667.06,0.0,1750544.64
Feb/2000,0.0,50597.0,328116.44,0.0,0.0,0.0,0.0,174710.55,1458.0,205530.96,307766.31,0.0,62660.3,0.0,0.0,0.0,0.0,0.0,0.0,642380.66,0.0,1773220.22
Mar/2000,0.0,27593.0,368589.63,0.0,0.0,0.0,0.0,189234.07,1503.0,229499.56,331910.29,0.0,61361.99,0.0,0.0,0.0,0.0,0.0,0.0,699807.25,0.0,1909498.79
Apr/2000,0.0,53794.0,396300.47,0.0,0.0,0.0,0.0,174330.61,1561.0,210680.4,315648.08,0.0,61814.32,0.0,0.0,0.0,0.0,0.0,0.0,586803.98,0.0,1800932.86
May/2000,0.0,60137.0,449368.92,0.0,0.0,0.0,0.0,191745.15,1642.0,208164.34,319667.97,0.0,54098.32,0.0,0.0,0.0,0.0,0.0,0.0,656948.2,0.0,1941771.9
Jun/2000,0.0,40623.0,404033.69,0.0,0.0,0.0,0.0,196321.93,1641.0,195088.74,300347.7,0.0,60390.32,0.0,0.0,0.0,0.0,0.0,0.0,570919.88,0.0,1769366.26
Jul/2000,0.0,36670.0,291436.2,0.0,0.0,0.0,0.0,192344.5,1598.0,204556.77,308305.93,0.0,61931.56,0.0,0.0,0.0,0.0,0.0,0.0,576436.02,0.0,1673278.98
Aug/2000,0.0,25033.0,373811.63,0.0,0.0,0.0,0.0,203727.08,1438.0,218388.51,323011.86,0.0,70821.94,0.0,0.0,0.0,0.0,0.0,0.0,593770.77,0.0,1810002.79
Sep/2000,0.0,16906.0,322718.89,0.0,0.0,0.0,0.0,194565.1,1469.0,213906.96,326455.72,0.0,58960.01,0.0,0.0,0.0,0.0,0.0,0.0,590145.4,0.0,1725127.08
Oct/2000,0.0,22070.0,260955.42,0.0,0.0,0.0,0.0,210261.83,1475.0,213606.65,323843.63,0.0,63794.12,0.0,0.0,0.0,0.0,0.0,0.0,641113.36,0.0,1737120.01
Nov/2000,0.0,25659.0,310274.26,0.0,0.0,0.0,0.0,205027.95,1498.0,209227.48,320788.08,0.0,65733.0,0.0,0.0,0.0,0.0,0.0,0.0,657086.3,0.0,1795294.07
Dec/2000,0.0,20430.0,284045.83,0.0,0.0,0.0,0.0,200247.56,1501.0,230020.7,366987.56,0.0,68848.5,0.0,0.0,0.0,0.0,0.0,0.0,673282.26,0.0,1845363.41
Jan/2001,0.0,30002.22,399107.63,0.0,0.0,0.0,0.0,179405.99,1755.58,164547.35,300242.78,0.0,69691.25,0.0,0.0,0.0,0.0,0.0,0.0,569328.79,0.0,1714081.59
Feb/2001,0.0,34407.57,404897.0,0.0,0.0,0.0,0.0,167818.14,1510.58,174838.81,301483.4,0.0,56326.42,0.0,0.0,0.0,0.0,0.0,0.0,597749.83,0.0,1739031.76
Mar/2001,0.0,32274.68,406269.28,0.0,0.0,0.0,0.0,186397.33,1602.58,201992.65,355572.83,0.0,68208.99,0.0,0.0,0.0,0.0,0.0,0.0,736085.97,0.0,1988404.31
Apr/2001,0.0,26986.96,397689.22,0.0,0.0,0.0,0.0,175820.35,1355.58,198683.39,355826.76,0.0,66697.9,0.0,0.0,0.0,0.0,0.0,0.0,606257.66,0.0,1829317.82
May/2001,0.0,29776.72,494837.73,0.0,0.0,0.0,0.0,178303.33,1273.58,182504.09,336040.04,0.0,61641.63,0.0,0.0,0.0,0.0,0.0,0.0,664082.66,0.0,1948459.78
Jun/2001,0.0,26759.22,385382.02,0.0,0.0,0.0,0.0,177826.93,1171.58,201379.48,308804.7,0.0,57796.09,0.0,0.0,0.0,0.0,0.0,0.0,559333.03,0.0,1718453.05
Jul/2001,0.0,24312.29,482085.37,0.0,0.0,0.0,0.0,191041.99,1637.58,214980.24,350501.97,0.0,67033.45,0.0,0.0,0.0,0.0,0.0,0.0,589452.73,0.0,1921045.63
Aug/2001,0.0,25226.0,470955.27,0.0,0.0,0.0,0.0,190295.99,1412.58,204646.77,348414.65,0.0,64093.29,0.0,0.0,0.0,0.0,0.0,0.0,568546.37,0.0,1873590.93
Sep/2001,0.0,20603.1,387235.78,0.0,0.0,0.0,0.0,184039.99,1710.58,188292.35,324393.96,0.0,51773.04,0.0,0.0,0.0,0.0,0.0,0.0,533108.39,0.0,1691157.2
Oct/2001,0.0,29817.1,412617.56,0.0,0.0,0.0,0.0,206176.99,1102.58,225240.95,366261.63,0.0,56193.31,0.0,0.0,0.0,0.0,0.0,0.0,603371.18,0.0,1900781.31
Nov/2001,0.0,22299.1,606966.56,0.0,0.0,0.0,0.0,201335.99,1791.58,210324.95,351890.63,0.0,53500.31,0.0,0.0,0.0,0.0,0.0,0.0,626156.18,0.0,2074265.31
Dec/2001,0.0,19283.1,402835.56,0.0,0.0,0.0,0.0,209792.99,979.58,223209.95,403561.63,0.0,60508.31,0.0,0.0,0.0,0.0,0.0,0.0,664190.18,0.0,1984361.31
Jan/2002,0.0,16971.66,512580.55,0.0,0.0,0.0,0.0,196068.61,1722.92,200309.85,368935.53,0.0,51969.77,0.0,0.0,0.0,37593.98,0.0,0.0,726672.6,0.0,2112825.45
Feb/2002,0.0,22834.54,506069.63,0.0,0.0,0.0,0.0,180209.8,923.92,183119.34,348917.79,0.0,42796.92,0.0,0.0,0.0,85710.75,0.0,0.0,694344.78,0.0,2064927.45
Mar/2002,0.0,22891.19,446878.07,0.0,0.0,0.0,0.0,186680.97,1082.92,212711.71,385044.97,0.0,53352.86,0.0,0.0,0.0,64873.73,0.0,0.0,656379.29,0.0,2029895.69
Apr/2002,0.0,35584.54,450736.26,0.0,0.0,0.0,0.0,196167.16,1295.92,204765.62,379741.98,0.0,51056.14,0.0,0.0,0.0,40923.47,0.0,0.0,683646.17,0.0,2043917.24
May/2002,0.0,27945.59,539547.91,0.0,0.0,0.0,0.0,201612.36,1671.92,201083.51,375054.64,0.0,52716.55,0.0,0.0,0.0,62407.67,0.0,0.0,707165.47,0.0,2169205.6
Jun/2002,0.0,20228.04,456986.27,0.0,0.0,0.0,0.0,193024.4,638.92,187629.42,371138.59,0.0,50501.35,0.0,0.0,0.0,22963.62,0.0,0.0,667820.71,0.0,1970931.3
Jul/2002,0.0,14042.27,492323.44,0.0,0.0,0.0,0.0,204196.24,2062.92,201692.64,399944.65,0.0,55179.82,0.0,0.0,0.0,48749.9,0.0,0.0,656761.6,0.0,2074953.47
Aug/2002,0.0,13715.92,429935.51,0.0,0.0,0.0,0.0,213625.43,1825.92,205240.77,392355.62,0.0,51119.79,0.0,0.0,0.0,13351.58,0.0,0.0,657099.74,0.0,1978270.27
Sep/2002,0.0,13512.87,381600.34,0.0,0.0,0.0,0.0,209849.76,1416.92,177614.8,347191.44,0.0,46923.97,0.0,0.0,0.0,49713.58,0.0,0.0,653664.6,0.0,1881488.26
Oct/2002,0.0,10066.27,320349.21,0.0,0.0,0.0,0.0,212932.33,1834.92,203097.24,381595.2,0.0,61834.38,0.0,0.0,0.0,40876.58,0.0,0.0,653053.27,0.0,1885639.38
Nov/2002,0.0,16772.08,438764.9,0.0,0.0,0.0,0.0,210000.55,1552.92,207629.81,384334.22,0.0,50783.2,0.0,0.0,0.0,43455.58,0.0,0.0,671401.33,0.0,2024694.57
Dec/2002,0.0,13946.07,490960.95,0.0,0.0,0.0,0.0,223830.4,1397.92,199619.27,400645.42,0.0,55123.28,0.0,0.0,0.0,52341.58,0.0,0.0,676192.45,0.0,2114057.32
Jan/2003,0.0,19127.77,459765.4,0.0,0.0,0.0,0.0,213268.98,2009.0,193713.62,376516.58,0.0,55260.55,0.0,0.0,0.0,23392.0,0.0,0.0,769843.3,0.0,2112897.2
Feb/2003,0.0,34700.38,377181.42,0.0,0.0,0.0,0.0,206815.01,1166.0,184354.61,355760.81,0.0,45243.65,0.0,0.0,0.0,61772.0,0.0,0.0,709783.58,0.0,1976777.46
Mar/2003,0.0,56138.58,516535.35,0.0,0.0,0.0,0.0,216427.95,2039.0,201443.37,361880.87,0.0,51161.05,0.0,0.0,0.0,94892.0,0.0,0.0,786484.49,0.0,2287002.66
Apr/2003,0.0,47408.44,502634.98,0.0,0.0,0.0,0.0,204403.51,1469.0,219004.31,377395.17,0.0,50488.24,0.0,0.0,0.0,36935.0,0.0,0.0,709626.39,0.0,2149365.04
May/2003,0.0,49995.62,565746.99,0.0,0.0,0.0,0.0,216452.75,1387.0,200407.18,390624.27,0.0,50951.19,0.0,0.0,0.0,106406.0,0.0,0.0,755982.05,0.0,2337953.05
Jun/2003,0.0,37720.89,410520.4,0.0,0.0,0.0,0.0,212069.04,1309.0,168327.72,346941.84,0.0,50662.66,0.0,0.0,0.0,61528.0,0.0,0.0,641540.08,0.0,1930619.63
Jul/2003,0.0,38616.19,438350.49,0.0,0.0,0.0,0.0,231172.01,1662.0,174317.57,377178.84,0.0,59604.95,0.0,0.0,0.0,57764.0,0.0,0.0,631704.12,0.0,2010370.17
Aug/2003,0.0,35878.39,464485.57,0.0,0.0,0.0,0.0,222312.71,1152.0,171665.05,355682.72,0.0,54601.1,0.0,0.0,0.0,40642.0,0.0,0.0,613428.55,0.0,1959848.09
Sep/2003,0.0,41167.35,357778.24,0.0,0.0,0.0,0.0,225703.05,1617.0,174757.95,348659.02,0.0,52876.98,0.0,0.0,0.0,61611.6,0.0,0.0,582989.47,0.0,1847160.66
Oct/2003,0.0,32848.56,614187.67,0.0,0.0,0.0,0.0,239665.04,1115.0,209314.45,392041.78,0.0,54999.76,0.0,0.0,0.0,52466.0,0.0,0.0,722763.6,0.0,2319401.86
Nov/2003,0.0,38513.22,697861.8,0.0,0.0,0.0,0.0,229612.35,612.0,168510.0,330640.23,0.0,56216.77,0.0,0.0,0.0,65943.03,0.0,0.0,639828.39,0.0,2227737.79
Dec/2003,0.0,31050.77,340583.67,0.0,0.0,0.0,0.0,247544.64,903.0,196081.99,391327.66,0.0,61415.1,0.0,0.0,0.0,58499.66,0.0,0.0,652872.45,0.0,1980278.94
Jan/2004,0.0,31681.4,430693.77,0.0,0.0,0.0,0.0,235284.97,1295.0,203975.57,381547.72,0.0,54764.8,0.0,0.0,83419.99,87146.0,0.0,0.0,656987.4,0.0,2166796.61
Feb/2004,0.0,34556.73,381997.15,0.0,0.0,0.0,0.0,213288.68,2734.0,180290.24,339576.46,0.0,50279.3,0.0,0.0,40040.0,74043.0,0.0,0.0,659540.43,48278.0,2024623.99
Mar/2004,0.0,39057.06,426729.0,0.0,0.0,0.0,0.0,233426.35,1238.0,206455.62,379687.46,0.0,57919.1,0.0,0.0,47740.0,59087.0,0.0,0.0,746236.84,113372.0,2310948.43
Apr/2004,0.0,41073.0,368839.7,0.0,0.0,0.0,0.0,217530.88,1124.0,182379.92,357595.81,0.0,59607.6,0.0,0.0,63398.5,34697.0,0.0,0.0,633766.06,146362.0,2106374.47
May/2004,0.0,31988.71,400866.77,0.0,0.0,0.0,0.0,225959.05,968.0,160741.9,322596.73,0.0,60199.1,0.0,0.0,79761.0,52403.0,0.0,0.0,556369.7,176927.0,2068780.96
Jun/2004,0.0,45451.1,335267.91,0.0,0.0,0.0,0.0,225673.46,776.0,164782.5,318811.5,0.0,55658.6,0.0,0.0,67864.5,60590.0,0.0,0.0,560393.48,161297.0,1996566.05
Jul/2004,0.0,29127.74,320546.15,0.0,0.0,0.0,0.0,243064.07,1725.0,182642.41,346413.66,0.0,68394.8,0.0,0.0,68343.0,39999.0,0.0,0.0,583098.55,176388.0,2059742.38
Aug/2004,0.0,30990.92,333848.59,0.0,0.0,0.0,0.0,236324.77,759.0,207432.8,390304.28,0.0,62772.7,0.0,0.0,64845.0,40389.0,0.0,0.0,699610.8,184302.0,2251579.86
Sep/2004,0.0,24259.26,376693.43,0.0,0.0,0.0,0.0,225204.18,1418.0,194240.55,364689.84,0.0,53387.8,0.0,0.0,0.0,26770.0,0.0,0.0,612639.57,174244.0,2053546.63
Oct/2004,0.0,18477.29,323360.76,0.0,0.0,0.0,0.0,229626.06,1886.0,200323.53,380441.55,0.0,59383.3,0.0,0.0,130845.0,40583.0,0.0,0.0,619084.79,171384.0,2175395.28
Nov/2004,0.0,18502.2,328267.45,0.0,0.0,0.0,0.0,225593.82,1435.0,214509.65,378498.6,0.0,56250.2,0.0,0.0,69437.5,37413.09,0.0,0.0,705298.16,158324.0,2193529.67
Dec/2004,0.0,14061.36,289338.8,0.0,0.0,0.0,0.0,241915.01,1419.0,236733.03,429109.1,0.0,63695.8,0.0,0.0,79546.5,43894.0,0.0,0.0,761864.3,180450.0,2342026.9
Jan/2005,0.0,17015.36,260522.63,0.0,48943.2,0.0,0.0,227154.97,1497.0,209901.6,321382.14,0.0,10015.1,0.0,0.0,98428.0,31108.09,0.0,0.0,724692.36,148655.0,2099315.45
Feb/2005,0.0,29448.99,280847.96,0.0,39285.8,0.0,0.0,211814.38,1705.0,198775.61,375768.83,0.0,9557.4,0.0,0.0,64718.5,43384.28,0.0,0.0,717116.77,152244.0,2124667.52
Mar/2005,0.0,38075.98,404657.12,0.0,48358.6,0.0,0.0,224387.03,1282.0,231358.58,410241.93,0.0,9416.3,0.0,0.0,92735.5,32149.0,0.0,0.0,802139.58,168846.0,2463647.62
Apr/2005,0.0,40602.97,387064.14,0.0,39340.9,0.0,0.0,218555.21,917.0,225644.89,389737.16,0.0,5506.2,0.0,0.0,131785.5,47388.0,0.0,0.0,803996.93,182433.0,2472971.9
May/2005,0.0,40536.6,506432.44,0.0,36827.2,0.0,0.0,230568.15,1335.0,187048.26,343762.52,0.0,6820.9,0.0,0.0,129277.5,55515.0,0.0,0.0,715360.44,167907.0,2421391.01
Jun/2005,0.0,39064.02,562186.3,0.0,44188.1,0.0,0.0,223151.26,1412.0,202161.79,351906.82,0.0,8013.7,0.0,0.0,69657.5,55190.0,0.0,0.0,681743.36,166798.0,2405472.85
Jul/2005,0.0,34049.77,334178.36,0.0,50690.5,0.0,0.0,236140.08,1678.0,213821.77,389172.65,0.0,5335.4,0.0,0.0,64702.0,50986.0,0.0,0.0,678614.47,122064.0,2181433.0
Aug/2005,0.0,29237.36,305370.13,0.0,47309.3,0.0,0.0,242734.74,1106.0,212696.38,396871.12,0.0,8509.9,0.0,0.0,86713.0,61600.0,0.0,0.0,693681.13,158944.0,2244773.06
Sep/2005,0.0,26273.57,238571.81,0.0,40131.2,0.0,0.0,223283.87,1309.0,196776.87,378887.62,0.0,5904.7,0.0,0.0,87345.5,11689.0,0.0,0.0,666258.37,103761.0,1980192.51
Oct/2005,0.0,5405.34,230464.4,0.0,49322.5,0.0,0.0,213139.58,996.0,192270.24,328052.56,0.0,7862.9,0.0,0.0,84210.5,7770.0,0.0,0.0,589830.24,91025.0,1800349.26
Nov/2005,0.0,13712.31,302297.6,0.0,23955.9,0.0,0.0,222988.53,1624.0,185251.12,360869.14,0.0,7266.3,0.0,0.0,77429.0,35384.0,0.0,0.0,701255.47,183012.0,2115045.37
Dec/2005,0.0,25971.31,285933.09,0.0,50005.0,0.0,0.0,225410.43,1457.0,241035.13,448688.52,0.0,8298.3,0.0,0.0,99434.5,51257.0,0.0,0.0,775027.2,163364.0,2375881.48
Jan/2006,0.0,26454.21,271228.13,0.0,45851.0,0.0,0.0,217867.31,1307.0,211152.72,382078.88,0.0,7111.6,0.0,0.0,98549.0,38294.0,0.0,0.0,750946.36,163706.0,2214546.21
Feb/2006,0.0,33494.0,228414.98,0.0,43198.9,0.0,0.0,212328.61,1735.0,200551.4,367944.25,0.0,6390.9,0.0,0.0,101057.0,43150.0,0.0,0.0,734530.76,152377.0,2125172.8
Mar/2006,0.0,48745.0,338067.89,0.0,45311.9,0.0,0.0,232405.36,1585.0,233082.86,427567.58,0.0,7416.6,0.0,0.0,82582.5,29621.0,0.0,0.0,875047.29,151247.0,2472679.98
Apr/2006,0.0,36478.0,445994.72,0.0,44322.2,0.0,0.0,207612.27,1497.0,223479.45,392050.29,0.0,8600.5,0.0,0.0,89331.0,59859.0,0.0,0.0,711185.23,29039.0,2249448.66
May/2006,0.0,40882.0,628053.53,0.0,44047.1,0.0,0.0,232489.83,1400.0,222710.9,379832.55,0.0,6151.3,0.0,0.0,96222.5,29498.0,0.0,0.0,734289.15,0.0,2415576.86
Jun/2006,0.0,22806.0,399380.67,0.0,42531.9,0.0,0.0,236563.83,1362.0,196511.22,364359.35,0.0,3720.3,0.0,0.0,101684.0,30854.0,0.0,0.0,672428.87,0.0,2072202.14
Jul/2006,0.0,34461.58,408695.2,0.0,43381.8,0.0,0.0,239767.85,1552.0,210255.7,392252.91,0.0,6128.6,0.0,0.0,97361.0,59117.27,0.0,0.0,684438.7,0.0,2177412.61
Aug/2006,0.0,29068.07,412953.69,0.0,44489.5,0.0,0.0,245672.02,1942.0,211202.14,394585.28,0.0,7918.7,0.0,0.0,89875.5,42171.03,0.0,0.0,707219.69,1471.0,2188568.62
Sep/2006,0.0,22311.3,283514.35,0.0,37449.2,0.0,0.0,256040.1,1576.0,204369.99,382724.97,0.0,6691.2,0.0,0.0,111782.0,39823.1,0.0,0.0,650791.38,0.0,1997073.59
Oct/2006,0.0,25204.67,464238.85,0.0,37891.8,0.0,0.0,238514.63,1845.0,203061.39,400793.81,0.0,7884.2,0.0,0.0,48735.5,28499.79,0.0,0.0,683543.13,0.0,2140212.77
Nov/2006,0.0,36772.97,523491.3,0.0,40998.5,0.0,0.0,228417.44,1618.91,205541.91,401922.57,0.0,7669.5,0.0,0.0,109186.0,21777.27,0.0,0.0,739181.99,0.0,2316578.36
Dec/2006,0.0,27047.99,384849.54,0.0,51753.6,0.0,0.0,236333.11,1959.0,233936.83,454373.13,0.0,9049.5,0.0,0.0,110896.5,34342.7,0.0,0.0,776330.26,0.0,2320872.16
Jan/2007,0.0,36112.06,481365.9,0.0,47659.2,0.0,0.0,217344.66,1657.0,216560.79,418412.86,0.0,9659.8,0.0,0.0,118327.0,55217.79,0.0,0.0,810372.66,0.0,2412689.72
Feb/2007,0.0,35844.96,441178.9,0.0,42101.8,0.0,0.0,211149.36,1606.0,204991.91,401425.14,0.0,5162.4,0.0,0.0,89353.0,38218.66,0.0,0.0,799394.6,0.0,2270426.73
Mar/2007,0.0,47101.77,537373.86,0.0,54082.4,0.0,0.0,264115.98,1665.0,239019.91,454731.09,0.0,7526.9,0.0,0.0,101887.5,57660.84,0.0,0.0,956680.19,0.0,2721845.44
Apr/2007,0.0,38731.92,480634.06,0.0,44957.1,0.0,0.0,224818.88,1550.0,217536.23,403732.56,0.0,7512.6,0.0,0.0,91234.0,46865.77,0.0,0.0,758988.58,0.0,2316561.7
May/2007,0.0,44730.69,624648.8,0.0,46178.5,0.0,0.0,259749.48,1458.0,224400.73,426414.71,0.0,11518.6,0.0,0.0,78331.0,47491.42,0.0,0.0,811703.69,0.0,2576625.62
Jun/2007,0.0,25509.9,666096.2,0.0,46459.4,0.0,0.0,244505.28,908.0,217473.91,390991.36,0.0,14318.3,0.0,0.0,83270.0,36586.8,0.0,0.0,720896.77,0.0,2447015.92
Jul/2007,0.0,41652.9,680178.9,0.0,55620.5,0.0,0.0,261555.62,1381.0,219874.23,416497.41,0.0,11812.2,0.0,0.0,99957.0,66993.71,0.0,0.0,721550.61,0.0,2577074.08
Aug/2007,0.0,32132.95,529257.62,0.0,50337.0,0.0,0.0,267634.12,1571.0,236565.57,411088.53,0.0,16179.4,0.0,0.0,117265.5,36100.5,0.0,0.0,736620.9,0.0,2434753.09
Sep/2007,0.0,21666.59,374139.35,0.0,46392.8,0.0,0.0,254081.76,1243.0,207241.84,390568.99,0.0,9016.5,0.0,0.0,101530.0,48278.98,0.0,0.0,669587.88,0.0,2123747.69
Oct/2007,0.0,23741.47,384625.95,0.0,50839.9,0.0,0.0,264936.66,1284.0,224750.77,419001.81,0.0,13724.2,0.0,0.0,105314.0,22628.56,0.0,0.0,738702.86,0.0,2249550.18
Nov/2007,0.0,36281.17,515855.99,0.0,48631.6,0.0,0.0,250108.61,1477.0,218116.79,417490.77,0.0,13720.9,0.0,0.0,73557.0,52597.23,0.0,0.0,779547.05,0.0,2407384.11
Dec/2007,0.0,36570.14,431419.38,0.0,52596.0,0.0,0.0,253659.53,1009.0,252394.11,438542.79,0.0,23241.6,0.0,0.0,100226.5,47879.57,0.0,0.0,768886.87,0.0,2406425.5
Jan/2008,0.0,33627.86,433142.36,0.0,50760.2,0.0,0.0,252508.33,1989.2,213645.39,403266.74,0.0,23736.5,0.0,0.0,95308.84,43860.96,0.0,0.0,797668.91,0.0,2349515.29
Feb/2008,0.0,27023.37,430602.16,0.0,49177.79,0.0,0.0,241978.08,1282.48,215873.67,407735.55,0.0,12268.8,0.0,0.0,59523.7,43795.41,0.0,0.0,794000.25,0.0,2283261.26
Mar/2008,0.0,24535.08,433126.79,0.0,54474.23,0.0,0.0,247679.04,1282.24,233761.07,424157.28,0.0,11053.6,0.0,0.0,90591.99,33091.99,0.0,0.0,776026.79,0.0,2329780.09
Apr/2008,0.0,28686.75,521002.28,0.0,50481.01,0.0,0.0,243178.03,1389.7,233687.28,399193.53,0.0,9701.1,0.0,0.0,107236.47,33710.99,0.0,0.0,807725.77,0.0,2435992.91
May/2008,0.0,30108.84,671159.46,0.0,40315.15,0.0,0.0,240798.46,1097.2,236635.85,390882.63,0.0,10184.3,0.0,0.0,108039.42,29039.12,0.0,0.0,682326.18,0.0,2440586.6
Jun/2008,0.0,13816.19,512787.44,0.0,45117.89,0.0,0.0,242422.57,961.5,200656.57,337464.32,0.0,9387.8,0.0,0.0,109057.41,24325.03,0.0,0.0,507662.65,0.0,2003659.37
Jul/2008,0.0,13246.41,374959.04,0.0,53791.45,0.0,0.0,243531.97,1376.0,228640.21,374847.05,0.0,12510.7,0.0,0.0,85805.5,20392.63,0.0,0.0,544399.26,0.0,1953500.22
Aug/2008,0.0,17823.81,340442.84,0.0,52969.79,0.0,0.0,237062.52,1296.43,227499.0,378363.76,0.0,5642.2,0.0,0.0,57263.2,27582.41,0.0,0.0,556174.4,0.0,1902120.35
Sep/2008,0.0,12370.7,312823.32,0.0,44179.04,0.0,0.0,225262.46,1432.72,218214.64,367962.73,0.0,5890.8,0.0,0.0,103737.26,27685.65,0.0,0.0,557802.62,0.0,1877361.94
Oct/2008,0.0,16819.09,327371.38,0.0,43407.77,0.0,0.0,263100.5,1192.71,238955.44,386430.4,0.0,4615.3,0.0,0.0,76022.98,19914.86,0.0,0.0,617863.13,0.0,1995693.56
Nov/2008,0.0,29048.29,340754.09,0.0,43778.49,0.0,0.0,230092.62,737.48,238626.16,375438.69,0.0,5666.5,0.0,0.0,69055.69,40840.89,0.0,0.0,688104.11,0.0,2062143.01
Dec/2008,0.0,28541.85,327040.51,0.0,47251.99,0.0,0.0,245852.65,1661.95,298245.47,463343.73,0.0,12981.9,0.0,0.0,10382.57,41920.97,0.0,0.0,778953.84,0.0,2256177.43
Jan/2009,0.0,31963.02,454789.92,0.0,44522.53,0.0,0.0,217372.42,1198.7,273494.16, 424264.5,0.0,9922.8,0.0,0.0,94486.37,43188.98,0.0,0.0,800526.47,0.0,2395729.87
Feb/2009,0.0,38311.5,387416.95,0.0,38201.07,0.0,0.0,212038.24,1009.24,254667.7,424438.71,0.0,6520.7,0.0,0.0,95799.17,52862.62,0.0,0.0,795050.51,0.0,2306316.41
Mar/2009,0.0,59263.86,401630.02,0.0,42318.13,0.0,0.0,235475.32,1385.24,290343.28,434248.69,0.0,8252.9,0.0,0.0,98162.74,70567.18,0.0,0.0,865981.57,0.0,2507628.92
Apr/2009,0.0,48545.41,643776.55,0.0,42656.39,0.0,0.0,209739.17,1018.24,290887.08,454265.4,0.0,9120.7,0.0,0.0,97879.98,53545.56,0.0,0.0,822109.74,0.0,2673544.22
May/2009,0.0,48882.92,682916.87,0.0,35798.11,0.0,0.0,221884.47,1357.9,276970.67,432401.49,0.0,7861.7,0.0,0.0,101914.67,60585.75,0.0,0.0,770687.28,0.0,2641261.83
Jun/2009,0.0,27918.98,586246.02,0.0,44548.27,0.0,0.0,221329.63,822.8,252551.99,393140.38,0.0,4161.6,0.0,0.0,91670.87,37437.64,0.0,0.0,703815.55,0.0,2363643.72
Jul/2009,0.0,37350.91,450992.66,0.0,46313.51,0.0,0.0,241510.2,1649.1,283142.05,435256.09,0.0,11172.6,0.0,0.0,110163.57,55471.15,0.0,0.0,740868.09,0.0,2413889.93
Aug/2009,0.0,32129.06,535359.83,0.0,39851.2,0.0,0.0,232174.11,1458.48,267830.84,409182.96,0.0,10701.3,0.0,0.0,74197.31,37735.48,0.0,0.0,692376.7,0.0,2332997.27
Sep/2009,0.0,31422.61,545203.3,0.0,34686.54,0.0,0.0,225886.43,1285.3,248994.42,420238.71,0.0,7926.6,0.0,0.0,72632.73,29161.17,0.0,0.0,687435.1,0.0,2304872.9
Oct/2009,0.0,25594.66,643683.55,0.0,37554.44,0.0,0.0,235899.13,1003.0,269008.52,421753.29,0.0,10994.0,0.0,0.0,94084.43,54414.0,0.0,0.0,775739.56,0.0,2569728.58
Nov/2009,0.0,44273.35,525804.8,0.0,37672.79,0.0,0.0,232172.83,1412.9,212149.91,391754.81,0.0,15251.9,0.0,0.0,77337.32,42512.45,0.0,0.0,738678.65,0.0,2319021.7
Dec/2009,0.0,31718.72,457616.74,0.0,44690.11,0.0,0.0,215923.38,1461.0,296805.29,449842.29,0.0,10317.6,0.0,0.0,80620.82,50398.46,0.0,0.0,891670.41,0.0,2531064.81
Jan/2010,0.0,31511.41,391820.19,0.0,41227.21,0.0,0.0,228078.62,850.0,243341.49,389068.41,0.0,10204.3,0.0,0.0,83732.94,32292.3,0.0,0.0,777741.34,0.0,2229868.21
Feb/2010,0.0,30767.71,451749.94,0.0,35844.67,0.0,0.0,214409.69,1397.0,248207.93,391195.69,0.0,9408.7,0.0,0.0,91255.01,30991.63,0.0,0.0,807692.1,0.0,2312920.07
Mar/2010,0.0,27017.08,384792.99,0.0,44598.5,0.0,0.0,242081.59,1329.0,320985.41,465664.59,0.0,33330.7,0.0,0.0,79706.61,55580.16,0.0,0.0,1017058.18,0.0,2672144.8
Apr/2010,0.0,24699.45,331373.92,0.0,45127.02,0.0,0.0,216150.67,1098.0,254872.61,387063.18,0.0,3894.5,0.0,0.0,77061.27,24069.94,0.0,0.0,762770.01,0.0,2128180.57
May/2010,0.0,20105.26,365270.01,0.0,37381.07,0.0,0.0,215523.54,957.0,238903.31,381811.18,0.0,4776.0,0.0,0.0,87377.4,55436.64,0.0,0.0,721668.18,0.0,2129209.59
Jun/2010,0.0,13669.01,344237.89,0.0,38418.83,0.0,0.0,226415.07,940.0,251896.39,385981.1,0.0,9185.7,0.0,0.0,86113.28,55113.23,0.0,0.0,683236.54,0.0,2095207.04
Jul/2010,0.0,10977.1,291849.33,0.0,47085.53,0.0,0.0,243063.35,1094.0,278700.49,422481.8,0.0,8863.1,0.0,0.0,45959.65,38570.85,0.0,0.0,721584.6,0.0,2110229.8
Aug/2010,0.0,10044.77,212469.47,0.0,45197.12,0.0,0.0,245908.42,1279.0,268917.79,410176.39,0.0,6961.3,0.0,0.0,95323.09,12877.01,0.0,0.0,695796.33,0.0,2004950.68
Sep/2010,0.0,19136.32,211385.25,0.0,36057.49,0.0,0.0,233404.9,1694.0,266975.25,396429.75,0.0,9110.6,0.0,0.0,89908.23,57336.39,0.0,0.0,687553.88,0.0,2008992.05
Oct/2010,0.0,23496.93,216834.49,0.0,38697.1,0.0,0.0,236852.35,777.0,275031.21,418305.07,0.0,5718.6,0.0,0.0,63264.58,46381.13,0.0,0.0,745415.51,0.0,2070773.96
Nov/2010,0.0,24354.93,251863.66,0.0,33407.71,0.0,0.0,255841.85,1538.0,273452.94,409652.73,0.0,10443.0,0.0,0.0,71750.75,23969.94,0.0,0.0,785917.4,0.0,2142192.9
Dec/2010,0.0,21599.07,156863.43,0.0,41025.05,0.0,0.0,251825.2,1124.0,320807.17,466766.78,0.0,10620.7,0.0,0.0,94478.95,53169.71,0.0,0.0,843762.0,0.0,2262042.06
Jan/2011,0.0,17369.8,264151.18,0.0,30823.29,0.0,0.0,244328.91,1295.0,285089.04,411737.33,0.0,12512.0,0.0,0.0,106612.99,49396.74,0.0,0.0,850696.79,0.0,2274013.07
Feb/2011,0.0,20587.76,259856.17,0.0,26917.52,0.0,0.0,228479.0,940.0,269301.38,391131.1,0.0,11411.5,0.0,0.0,100367.74,39015.88,0.0,0.0,819940.5,0.0,2167948.55
Mar/2011,0.0,25683.06,395111.72,0.0,34478.8,0.0,0.0,255792.92,1475.0,281453.75,393160.91,0.0,11433.8,0.0,0.0,118505.59,52874.84,0.0,0.0,900485.91,0.0,2470456.3
Apr/2011,0.0,29703.34,539928.57,0.0,34179.8,0.0,0.0,237582.68,1107.0,285598.37,386749.27,0.0,12796.6,0.0,0.0,106152.2,34616.09,0.0,0.0,797527.23,0.0,2465941.15
May/2011,0.0,32700.99,501342.97,0.0,33669.09,0.0,0.0,247975.28,1100.0,253277.88,371876.75,0.0,10823.6,0.0,0.0,97113.61,76408.92,0.0,0.0,803849.53,0.0,2430138.62
Jun/2011,0.0,24786.05,638939.11,0.0,37037.4,0.0,0.0,247082.28,1100.0,290137.49,380800.43,0.0,9444.8,0.0,0.0,101035.11,46048.92,0.0,0.0,729676.79,0.0,2506088.38
Jul/2011,0.0,22142.32,251734.87,0.0,44313.17,0.0,0.0,259033.89,1295.0,279283.36,389294.64,0.0,14646.3,0.0,0.0,71759.0,44432.82,0.0,0.0,718255.06,0.0,2096190.42
Aug/2011,0.0,17414.86,333071.69,0.0,42315.36,0.0,0.0,259688.74,1467.0,256380.27,408494.51,0.0,10424.1,0.0,0.0,74518.9,39157.53,0.0,0.0,699736.08,0.0,2142669.04
Sep/2011,0.0,14666.97,238864.67,0.0,36043.04,0.0,0.0,251882.54,1100.0,256728.25,380453.23,0.0,9715.8,0.0,0.0,63847.96,39066.8,0.0,0.0,660384.93,0.0,1952754.18
Oct/2011,0.0,13711.35,239305.91,0.0,37096.07,0.0,0.0,262255.14,745.0,242071.01,381309.5,0.0,10170.3,0.0,0.0,48561.32,39973.11,0.0,0.0,672214.93,0.0,1947413.63
Nov/2011,0.0,31593.72,229497.48,0.0,38064.86,0.0,0.0,252218.21,1283.0,231413.83,381871.84,0.0,10071.9,0.0,0.0,99849.53,44374.42,0.0,0.0,794507.24,0.0,2114746.04
Dec/2011,0.0,25774.42,215079.84,0.0,41929.61,0.0,0.0,263892.43,1295.0,291678.03,449904.1,0.0,13089.6,0.0,0.0,88815.54,57943.79,0.0,0.0,862318.8,0.0,2311721.16
Jan/2012,0.0,28849.11,199651.92,0.0,39631.6,0.0,0.0,242524.9,1100.0,261933.68,393781.94,0.0,11596.5,0.0,0.0,77569.36,44982.71,0.0,0.0,814956.72,0.0,2116578.44
Feb/2012,0.0,22730.38,295550.29,0.0,34550.67,0.0,0.0,243810.95,1295.0,253733.22,402633.55,0.0,9916.7,0.0,0.0,83515.03,49337.47,0.0,0.0,848067.25,0.0,2245140.51
Mar/2012,0.0,30672.08,351951.02,0.0,49247.79,0.0,0.0,270906.08,1467.0,290286.65,429534.5,0.0,162.77,0.0,0.0,103215.64,44877.18,0.0,0.0,925065.27,0.0,2497385.98
Apr/2012,0.0,27048.12,311653.42,0.0,34435.19,0.0,0.0,249493.66,1100.0,262615.28,389264.02,0.0,5720.83,0.0,0.0,94102.14,42650.82,0.0,0.0,792201.73,0.0,2210285.21
May/2012,0.0,22351.3,492974.59,0.0,18507.79,0.0,0.0,261657.41,1300.0,235374.04,405877.41,0.0,39069.95,0.0,0.0,77341.94,52170.98,0.0,0.0,771542.47,0.0,2378167.87
Jun/2012,0.0,15219.56,325999.25,0.0,10812.2,0.0,0.0,255333.43,917.0,261012.58,409111.24,0.0,44022.37,0.0,0.0,97728.95,31694.11,0.0,0.0,712464.94,0.0,2164315.62
Jul/2012,0.0,21946.13,308473.07,0.0,24927.2,0.0,0.0,271101.94,1307.0,233061.35,420370.6,0.0,35388.97,0.0,0.0,75956.82,51140.36,0.0,0.0,699130.04,0.0,2142803.47
Aug/2012,0.0,22014.81,343321.82,0.0,22370.8,0.0,0.0,280184.27,1283.0,259165.94,433828.02,0.0,31964.77,0.0,0.0,96820.68,46292.7,0.0,0.0,716720.36,0.0,2253967.16
Sep/2012,0.0,19861.06,285599.63,0.0,17089.8,0.0,0.0,268875.1,1124.0,228205.77,378478.8,0.0,30052.01,0.0,0.0,61612.65,40445.17,0.0,0.0,632120.37,0.0,1963464.36
Oct/2012,0.0,15420.12,359066.7,0.0,19378.9,0.0,0.0,297829.17,1307.0,261347.22,414523.22,0.0,28278.43,0.0,0.0,110937.97,36948.68,0.0,0.0,728414.88,0.0,2273452.29
Nov/2012,0.0,20434.77,394482.14,0.0,18005.6,0.0,0.0,303422.01,1100.0,272657.82,394751.47,0.0,31373.64,0.0,0.0,27937.8,40052.76,0.0,0.0,812523.44,0.0,2316741.46
Dec/2012,0.0,20346.53,317771.58,0.0,19827.4,0.0,0.0,281757.56,1195.2,310407.04,442191.43,0.0,32533.44,0.0,0.0,22090.77,56283.49,0.0,0.0,848262.93,0.0,2352667.37
Jan/2013,0.0,12205.94,197658.18,0.0,38605.36,0.0,0.0,291844.0,1489.48,287985.59,408557.45,0.0,13242.55,0.0,0.0,97515.33,39542.92,0.0,0.0,863769.41,0.0,2252416.21
Feb/2013,0.0,14270.12,222606.1,0.0,28448.02,0.0,0.0,253221.89,1226.62,259659.66,361215.69,0.0,16355.46,0.0,0.0,81654.54,22225.02,0.0,0.0,808853.97,0.0,2069737.09
Mar/2013,0.0,23907.33,289422.67,0.0,32505.06,0.0,0.0,286869.62,924.0,313075.45,413744.86,0.0,16675.0,0.0,0.0,131379.05,50215.89,0.0,0.0,898352.2,0.0,2457071.13
Apr/2013,0.0,23075.02,328809.8,0.0,32725.43,0.0,0.0,287216.3,1100.0,330070.65,409238.3,0.0,15424.52,0.0,0.0,73378.09,41087.97,0.0,0.0,966103.92,0.0,2508230.0
May/2013,0.0,20716.42,434716.65,0.0,32306.94,0.0,0.0,301770.53,1173.74,313131.36,403354.79,0.0,13608.37,0.0,0.0,99652.69,34639.1,0.0,0.0,827601.25,0.0,2482671.83
Jun/2013,0.0,19145.31,384549.94,0.0,25064.37,0.0,0.0,275921.37,1383.35,287596.64,402012.07,0.0,17894.0,0.0,0.0,113554.65,41706.22,0.0,0.0,775187.12,0.0,2344015.04
Jul/2013,0.0,19516.84,286369.33,0.0,35532.69,0.0,0.0,292790.1,1001.07,314185.61,425154.22,0.0,21247.0,0.0,0.0,111798.06,40114.18,0.0,0.0,732544.52,0.0,2280253.62
Aug/2013,0.0,16534.02,284525.32,0.0,34875.26,0.0,0.0,282844.32,1467.0,288400.67,416968.15,0.0,16948.0,0.0,0.0,100883.26,43009.3,0.0,0.0,773147.9,0.0,2259603.19
Sep/2013,0.0,10189.82,191796.17,0.0,33980.81,0.0,0.0,278403.42,1283.0,249357.42,379479.78,0.0,8640.0,0.0,0.0,75989.1,38110.23,0.0,0.0,672125.16,0.0,1939354.91
Oct/2013,0.0,10352.81,200089.72,0.0,33725.62,0.0,0.0,285195.01,1298.98,314518.72,430179.69,0.0,15461.0,0.0,0.0,62188.17,37081.2,0.0,0.0,800049.12,0.0,2190140.04
Nov/2013,0.0,10990.54,182327.92,0.0,37678.38,0.0,0.0,253022.23,587.21,306638.45,404692.46,0.0,16521.0,0.0,0.0,96463.73,37046.1,0.0,0.0,821457.45,0.0,2167425.47
Dec/2013,0.0,14139.03,137481.49,0.0,31020.65,0.0,0.0,282335.47,1284.0,339969.85,448135.35,0.0,20137.0,0.0,0.0,82518.65,48041.71,0.0,0.0,860351.9,0.0,2265415.09
Jan/2014,0.0,47657.13,150401.55,0.0,35071.79,0.0,0.0,288260.8,1504.0,312139.77,412617.93,0.0,16452.26,0.0,0.0,110646.31,37212.01,0.0,0.0,917251.54,0.0,2329215.09
Feb/2014,0.0,22039.43,191584.66,0.0,23696.1,0.0,0.0,304312.13,1283.0,312142.65,385430.58,0.0,14441.12,0.0,0.0,105986.1,46110.11,0.0,0.0,890362.31,0.0,2297388.19
Mar/2014,0.0,12159.87,254936.96,0.0,39327.74,0.0,0.0,284201.43,1132.4,335869.63,434863.96,0.0,16527.3,0.0,0.0,107499.65,36453.76,0.0,0.0,1004937.39,0.0,2527910.09
Apr/2014,0.0,22675.6,293648.05,0.0,38975.79,0.0,0.0,250902.83,329.0,349155.3,437470.07,0.0,15600.0,0.0,0.0,94527.24,41751.04,0.0,0.0,972039.42,0.0,2517074.34
May/2014,0.0,22036.88,295075.17,0.0,29820.27,0.0,0.0,305911.84,1162.98,332737.37,427487.2,0.0,18620.1,0.0,0.0,105266.21,43299.8,0.0,0.0,877263.31,0.0,2458681.13
Jun/2014,0.0,20863.92,211036.28,0.0,36833.13,0.0,0.0,285640.44,733.0,303016.82,387299.1,0.0,21987.5,0.0,0.0,109708.83,41730.57,0.0,0.0,733508.7,0.0,2152358.29
Jul/2014,0.0,20046.62,312203.06,0.0,41291.71,0.0,0.0,289827.6,1502.4,344659.64,439137.13,0.0,22146.22,0.0,0.0,101908.84,46099.12,0.0,0.0,826918.81,0.0,2445741.15
Aug/2014,0.0,24450.24,406297.45,0.0,10476.4,0.0,0.0,272617.6,1466.7,326356.06,442953.1,0.0,43792.26,0.0,0.0,101477.53,53158.86,0.0,0.0,793694.01,0.0,2476740.21
Sep/2014,0.0,16173.57,229889.08,0.0,8012.4,0.0,0.0,271079.59,550.0,371327.13,411466.28,0.0,37824.53,0.0,0.0,81213.02,36119.87,0.0,0.0,728498.84,0.0,2192154.31
Oct/2014,0.0,10066.11,291536.98,0.0,9170.9,0.0,0.0,337006.14,183.3,343812.67,459922.48,0.0,44198.4,0.0,0.0,101071.19,53692.16,0.0,0.0,836278.12,0.0,2486938.45
Nov/2014,0.0,17687.89,190635.7,0.0,7357.7,0.0,0.0,303666.7,190.5,343918.56,436467.9,0.0,42604.5,0.0,0.0,116686.02,49256.09,0.0,0.0,885713.74,0.0,2394185.3
Dec/2014,0.0,16337.76,211555.82,0.0,39959.47,0.0,0.0,311419.96,1142.9,464223.15,538899.26,0.0,19815.75,0.0,0.0,119369.8,60321.9,0.0,0.0,1021378.09,0.0,2804423.86
Jan/2015,0.0,14013.06,243511.92,0.0,41308.34,0.0,0.0,317220.91,1353.8,419102.72,503135.7,0.0,12126.41,0.0,0.0,76805.25,40255.58,0.0,0.0,1014706.21,0.0,2683539.9
Feb/2015,0.0,10763.45,189006.84,0.0,32165.25,0.0,0.0,315364.36,958.4,398167.69,454190.88,0.0,28906.68,0.0,0.0,88685.69,41687.16,0.0,0.0,980149.84,0.0,2540046.24
Mar/2015,0.0,26761.09,253562.02,0.0,38204.73,0.0,0.0,338142.32,1478.49,457246.14,521879.26,0.0,16930.56,0.0,0.0,107757.21,54482.32,0.0,0.0,1142551.06,0.0,2958995.2
Apr/2015,0.0,17237.77,318449.8,0.0,39177.71,0.0,0.0,320920.88,1119.05,413451.11,486779.41,0.0,9165.79,0.0,0.0,112963.4,34156.09,0.0,0.0,1011167.74,0.0,2764588.75
May/2015,0.0,14038.74,367017.51,0.0,34301.53,0.0,0.0,328177.8,952.43,415570.95,483594.83,0.0,19259.07,0.0,0.0,92041.35,40588.91,0.0,0.0,944316.66,0.0,2739859.78
Jun/2015,0.0,13095.63,315322.36,0.0,39977.57,0.0,0.0,331140.05,772.03,414466.18,480892.11,0.0,16406.36,0.0,0.0,112288.55,35207.32,0.0,0.0,880016.47,0.0,2639584.63
Jul/2015,0.0,16218.35,350976.98,0.0,42322.79,0.0,0.0,363251.96,1658.2,440729.53,515322.66,0.0,19274.98,0.0,0.0,106971.26,31447.0,0.0,0.0,902586.36,0.0,2790760.07
Aug/2015,0.0,14732.03,519237.36,0.0,40414.69,0.0,0.0,333215.61,1121.88,439588.9,513413.0,0.0,14996.02,0.0,0.0,108392.46,43883.15,0.0,0.0,887796.85,0.0,2916791.95
Sep/2015,0.0,9560.41,342909.33,0.0,32730.8,0.0,0.0,364351.76,1122.19,422826.59,501658.04,0.0,14495.48,0.0,0.0,96179.22,34526.1,0.0,0.0,734654.22,0.0,2555014.13
Oct/2015,0.0,7632.56,304037.55,0.0,37102.3,0.0,0.0,364469.55,928.57,448971.88,532741.14,0.0,16644.12,0.0,0.0,79944.15,38501.06,0.0,0.0,834285.95,0.0,2665258.82
Nov/2015,0.0,10137.17,209107.14,0.0,41450.5,0.0,0.0,353643.08,952.4,423841.82,516486.95,0.0,15712.24,0.0,0.0,77375.21,32446.1,0.0,0.0,925431.0,0.0,2606583.61
Dec/2015,0.0,9475.85,184791.46,0.0,43851.69,0.0,0.0,355233.65,1113.18,499839.17,600161.72,0.0,18892.21,0.0,0.0,91440.75,36934.5,0.0,0.0,1047478.84,0.0,2889213.01
Jan/2016,0.0,5542.28,262150.77,0.0,38680.6,0.0,0.0,346512.22,952.98,433180.34,545737.53,0.0,16499.03,0.0,0.0,100703.08,33641.0,0.0,0.0,1084043.63,0.0,2867643.45
Feb/2016,0.0,5939.92,242970.07,0.0,40215.13,0.0,0.0,368867.55,1143.69,450916.35,540459.19,0.0,13267.85,0.0,0.0,88817.52,28012.3,0.0,0.0,1055672.64,0.0,2836282.21
Mar/2016,0.0,5301.47,312624.84,0.0,43123.03,0.0,0.0,372223.42,1181.46,486255.94,575720.92,0.0,19388.31,0.0,0.0,69957.47,31366.0,0.0,0.0,1107296.65,0.0,3024439.51
Apr/2016,0.0,13098.88,305191.05,0.0,37842.69,0.0,0.0,357084.22,954.36,467472.2,545605.47,0.0,16511.55,0.0,0.0,80123.73,13357.0,0.0,0.0,1149175.19,0.0,2986416.34
May/2016,0.0,8723.98,415456.18,0.0,37138.19,0.0,0.0,377629.02,1142.9,468710.38,551000.79,0.0,19928.34,0.0,0.0,87793.2,40423.0,0.0,0.0,1019984.4,0.0,3027930.37
Jun/2016,0.0,3707.28,292566.83,0.0,39135.65,0.0,0.0,355848.99,952.4,450758.18,537583.25,0.0,19761.88,0.0,0.0,74829.65,28875.0,0.0,0.0,888538.1,0.0,2692557.21
Jul/2016,0.0,2287.93,213537.63,0.0,42271.27,0.0,0.0,350429.77,948.56,465270.48,562778.84,0.0,18463.79,0.0,0.0,104878.35,30961.5,0.0,0.0,883716.04,0.0,2675544.15
Aug/2016,0.0,5385.99,126708.78,0.0,44360.08,0.0,0.0,363859.51,1344.69,485995.83,585748.5,0.0,19426.8,0.0,0.0,105941.22,35543.6,0.0,0.0,866270.02,0.0,2640585.02
Sep/2016,0.0,7526.62,156889.89,0.0,33788.7,0.0,0.0,356426.23,947.6,456946.75,548491.65,0.0,18463.5,0.0,0.0,90718.05,37205.15,0.0,0.0,877800.56,0.0,2585204.7
Oct/2016,0.0,9087.66,208164.88,0.0,37341.63,0.0,0.0,373503.78,1358.21,476277.64,573754.73,0.0,18939.67,0.0,0.0,68187.3,48088.25,0.0,0.0,916410.7,0.0,2731114.44
Nov/2016,0.0,9638.42,224643.28,0.0,38112.71,0.0,0.0,372904.63,750.9,463726.21,547323.53,0.0,18143.4,0.0,0.0,76857.99,37957.0,0.0,0.0,1019671.97,0.0,2809730.04
Dec/2016,0.0,10826.71,227241.47,0.0,45344.23,0.0,0.0,372690.46,974.3,524242.31,615251.51,0.0,23909.55,0.0,0.0,188037.45,45686.0,0.0,0.0,1113827.1,0.0,3168031.09
Jan/2017,0.0,5564.6,268741.13,0.0,57975.62,0.0,0.0,358706.82,1188.53,477291.93,546212.16,0.0,4453.57,0.0,0.0,118557.34,27089.0,0.0,51.93,1079339.3,0.0,2945171.93
Feb/2017,0.0,3689.22,200718.22,0.0,57092.07,0.0,0.0,357497.97,964.14,453665.32,526888.94,0.0,248.63,0.0,0.0,70714.66,33909.0,0.0,49.11,1052536.01,0.0,2757973.29
Mar/2017,0.0,8912.83,146747.21,0.0,59574.15,0.0,0.0,351791.93,1199.4,523943.6,592249.34,0.0,214.24,0.0,0.0,102621.01,52165.0,0.0,88.86,1216423.42,0.0,3055930.99
Apr/2017,0.0,6841.66,173685.84,0.0,64589.03,0.0,0.0,360957.7,1023.25,500063.03,530345.96,0.0,129.95,0.0,0.0,198383.91,43273.0,0.0,36.8,1032813.29,0.0,2912143.42
May/2017,0.0,8988.46,154619.14,0.0,59893.27,0.0,0.0,377492.16,976.19,516884.37,588861.62,0.0,259.57,0.0,0.0,212011.7,45402.0,0.0,50.28,1034806.24,0.0,3000245.0
Jun/2017,0.0,12939.27,140581.12,0.0,65459.68,0.0,0.0,378328.46,952.38,478491.95,549378.05,0.0,116.01,0.0,0.0,184171.01,41171.92,0.0,61.51,897511.89,0.0,2749163.25
Jul/2017,0.0,12151.22,119185.53,0.0,71848.17,0.0,0.0,369948.64,0.0,521730.41,607702.7,0.0,423.28,0.0,0.0,242807.96,45818.75,0.0,47.6,938887.64,0.0,2930551.9
Aug/2017,0.0,18295.85,147847.74,0.0,71939.54,0.0,0.0,385834.28,1142.85,514086.57,604650.34,0.0,277.29,0.0,0.0,247198.62,62667.5,0.0,50.77,950188.14,0.0,3004179.49
Sep/2017,0.0,20824.19,146741.02,0.0,50257.31,0.0,0.0,447373.59,964.29,492618.55,560892.67,0.0,332.46,0.0,0.0,184904.64,60278.5,0.0,47.21,894363.58,0.0,2859598.01
Oct/2017,0.0,25225.22,135560.6,0.0,61015.54,0.0,0.0,393901.92,952.38,512762.32,583658.83,0.0,211.74,0.0,0.0,113926.54,89116.09,0.0,0.0,935986.17,0.0,2852317.35
Nov/2017,0.0,38383.06,115709.19,0.0,61290.82,0.0,0.0,409332.86,1340.26,510631.29,563345.61,0.0,204.43,0.0,0.0,146069.01,41866.5,0.0,73.33,1038598.26,0.0,2926844.62
Dec/2017,0.0,31978.3,129000.72,0.0,68044.92,0.0,0.0,404574.36,1126.19,574097.7,635423.76,0.0,108.69,0.0,0.0,177572.34,89124.29,0.0,28.88,1117711.45,0.0,3228791.6
Jan/2018,0.0,24744.76,122349.08,0.0,68372.98,1105628.89,15763.64,421848.92,1142.24,528763.3,581802.98,0.0,770.4,0.0,0.0,173232.25,79652.0,0.0,57.2,0.0,0.0,3124128.64
Feb/2018,0.0,21717.4,78815.78,0.0,54920.54,1072071.67,14687.22,379239.07,951.6,502041.67,545210.0,0.0,404.74,0.0,0.0,109496.87,73770.0,0.0,87.73,0.0,0.0,2853414.29
Mar/2018,0.0,22287.44,158722.77,0.0,67891.4,1194136.18,15893.32,415125.9,1007.52,571052.13,618402.18,0.0,204.26,0.0,0.0,274273.3,49749.0,0.0,67.08,0.0,0.0,3388812.48
Apr/2018,0.0,24880.3,149741.63,0.0,65835.66,1108452.97,14929.78,370434.61,1404.69,526979.67,565665.72,0.0,422.67,0.0,0.0,273396.67,88761.0,0.0,43.27,0.0,0.0,3190948.64
May/2018,0.0,34587.38,188452.23,0.0,61285.5,1009750.15,7736.86,403094.74,723.79,544395.17,570129.66,0.0,671.9,0.0,0.0,175846.1,77485.0,0.0,36.49,0.0,0.0,3074194.97
Jun/2018,0.0,40679.67,182142.23,0.0,67706.76,930065.0,7816.91,390070.17,561.38,518911.44,554431.5,0.0,383.47,0.0,0.0,159409.05,76489.0,0.0,88.11,0.0,0.0,2928754.69
Jul/2018,0.0,54625.85,156567.44,0.0,67215.08,950343.54,8053.83,381128.08,380.95,541811.12,589775.97,0.0,366.65,0.0,0.0,102500.59,102153.5,0.0,52.01,0.0,0.0,2954974.6
Aug/2018,0.0,50840.69,184168.24,0.0,72586.2,991818.15,8812.43,407124.75,1000.0,570224.11,593659.63,0.0,427.19,0.0,0.0,204237.65,83143.62,0.0,59.71,0.0,0.0,3168102.35
Sep/2018,0.0,45219.25,124107.4,0.0,59624.17,882303.53,7081.41,385717.79,1000.0,531285.29,551547.83,0.0,96.65,0.0,0.0,261284.38,93004.0,0.0,48.54,0.0,0.0,2942320.24
Oct/2018,0.0,47762.3,120634.52,0.0,66392.11,969095.04,8587.08,408674.34,952.38,573751.47,579474.43,0.0,187.64,0.0,0.0,307141.02,70523.0,0.0,59.76,0.0,0.0,3153235.09
Nov/2018,0.0,47250.31,100763.5,0.0,73529.19,1061941.91,7844.21,408049.58,1142.86,563417.57,573687.35,0.0,271.84,0.0,0.0,286935.32,81713.0,0.0,68.01,0.0,0.0,3206614.65
Dec/2018,0.0,31557.54,109649.86,0.0,79674.76,1106130.25,8369.53,421872.09,952.38,632670.17,654281.25,0.0,272.91,0.0,0.0,311858.76,94593.0,0.0,57.8,0.0,0.0,3451940.29
Jan/2019,21985.77,29531.29,125570.4,26.66,75489.04,1152949.52,8625.62,421555.41,1000.5,596682.75,601714.9,595.4,259.2,475.49,286.57,165807.89,82300.0,7412.33,68.31,0.0,0.0,3292337.05
Feb/2019,18854.82,44387.57,133930.96,25.75,63990.69,1103358.49,7269.33,402371.33,976.19,559109.22,565425.02,631.57,-35.69,1911.93,120.08,152000.02,98063.0,7078.95,89.72,0.0,0.0,3159558.95
Mar/2019,19205.26,63919.13,164290.04,0.0,70377.9,1228025.34,8943.32,428149.45,1053.27,645266.77,610720.58,347.8,104.14,2170.21,251.71,342482.2,127462.0,7840.52,64.64,0.0,0.0,3720674.28
Apr/2019,18390.76,43899.02,156945.14,873.32,70541.87,1160125.11,7643.39,414018.68,0.01,657570.18,598956.3,552.97,-48.13,1944.32,15.13,343735.26,108573.0,6143.69,59.88,0.0,0.0,3589939.9
May/2019,22640.1,66588.87,223361.05,745.79,67768.53,1134666.18,9781.63,426587.33,1074.42,666748.63,611592.32,322.89,-73.5,2658.48,61.08,351666.55,121253.0,8595.0,63.44,0.0,0.0,3716101.79
Jun/2019,20117.45,49691.28,125307.02,919.24,67452.06,1012030.47,8360.35,399031.61,1003.81,641136.56,595744.38,296.94,86.01,0.0,4.12,319891.51,112667.0,7438.84,57.93,0.0,0.0,3361236.58
Jul/2019,20426.91,74347.22,159021.42,35.42,76715.52,1030649.68,8936.2,419958.02,1099.07,650150.78,615559.33,366.54,10.89,3134.83,-22.46,198491.88,135670.0,8447.45,65.75,0.0,0.0,3403064.45
Aug/2019,22578.56,77017.06,148998.84,0.0,66531.06,1070198.1,9041.15,419493.82,1122.94,668783.39,632415.7,394.36,73.61,952.38,7.26,170236.68,129913.0,8685.14,66.12,0.0,0.0,3426509.17
Sep/2019,18104.32,62918.62,109518.54,0.0,56736.35,973358.44,8446.19,396860.64,935.26,616079.3,587861.84,306.28,80.43,2215.06,13.98,142986.06,130578.0,8413.38,55.4,0.0,0.0,3115468.09
Oct/2019,21550.86,69868.8,33606.2,0.0,61731.51,1043629.53,9433.36,433917.15,1193.1,669008.77,643044.33,391.11,193.58,2499.43,21.74,225348.5,132696.0,9481.17,56.76,0.0,0.0,3357671.9
Nov/2019,18951.08,57250.41,126737.63,0.0,63858.3,1122734.55,8998.01,430725.89,1125.97,643070.35,620572.21,397.0,-1893.08,2479.15,30.35,290391.95,107489.0,13815.26,77.26,0.0,0.0,3506811.29
Dec/2019,19079.56,22845.74,115170.39,0.0,39030.48,1175724.83,9456.65,428697.64,1043.74,706020.77,682468.14,304.36,35074.25,2899.75,55.04,294706.32,83915.0,8004.56,59.41,0.0,0.0,3624556.63
Jan/2020,23464.38,12977.57,132814.31,0.0,67346.0,1184419.19,9523.25,421644.72,1137.95,640011.73,622323.79,546.42,340.77,2645.63,28.01,307317.12,64486.0,9111.42,84.21,0.0,0.0,3500222.47
Feb/2020,19558.69,23258.89,145923.81,0.0,58608.78,1233250.24,9821.78,426533.15,958.33,652028.0,633100.05,354.64,479.92,2604.12,16.73,248778.51,104545.19,9281.12,73.87,0.0,0.0,3569175.82
Mar/2020,17452.84,19587.38,104824.84,0.0,37280.42,1100813.77,10445.97,420637.14,946.43,573586.73,509752.95,377.36,4564.83,1267.79,6.83,306511.61,106949.57,8888.12,74.1,0.0,0.0,3223968.68
Apr/2020,13476.06,17494.2,51247.2,0.0,13870.41,867592.28,5620.48,345933.61,452.38,458420.85,391773.23,362.79,145.45,0.0,6.84,310990.98,53000.0,6706.35,30.42,0.0,0.0,2537123.53
May/2020,13827.56,35550.36,139347.72,0.0,17776.74,828743.95,4099.92,362987.37,380.95,478771.83,407482.52,254.57,758.66,0.0,31.18,366963.69,81524.0,7285.7,55.64,0.0,0.0,2745842.36
Jun/2020,17170.47,33842.05,114881.57,0.0,17381.3,782327.99,7406.06,402541.02,462.88,516933.6,388952.81,268.12,171.89,0.0,51.15,327627.6,70605.0,7672.9,60.2,0.0,0.0,2688356.61
Jul/2020,18373.04,43939.07,119704.27,0.0,19154.5,870354.89,5067.16,423328.22,571.45,567052.5,462380.81,547.48,297.79,0.0,25.44,281593.37,86576.0,9327.62,69.68,0.0,0.0,2908363.29
Aug/2020,21877.37,33601.74,129081.54,0.0,19506.82,885200.72,9764.89,483695.9,1017.1,647375.58,574379.33,385.18,346.31,0.0,12.4,274835.24,94364.0,7451.79,80.22,0.0,0.0,3182976.13
Sep/2020,21879.53,26005.63,123261.01,0.0,20238.47,959013.35,9735.38,439581.36,948.8,661665.58,610445.1,509.0,287.45,356.4,35.69,158485.71,95762.0,11629.83,54.92,0.0,0.0,3139895.21
Oct/2020,22655.15,37876.73,117108.19,0.0,29115.9,1064005.3,16475.25,459312.45,1142.86,680362.07,648582.82,468.37,266.74,0.0,29.42,254131.92,128310.0,12831.92,68.1,0.0,0.0,3472743.19
Nov/2020,21903.24,28761.42,111855.8,0.0,33878.65,1072873.46,10704.69,421504.59,1142.86,652630.16,639856.62,407.14,231.18,933.81,66.48,209982.62,91526.0,10883.8,70.08,0.0,0.0,3309212.6
Dec/2020,21166.56,27190.81,162734.65,0.0,38849.97,1276290.85,12819.54,481068.86,1312.55,768193.03,760695.45,547.1,-4603.49,1116.47,52.58,243519.81,118168.0,13060.54,73.41,0.0,0.0,3922256.69
Jan/2021,29777.89,26925.55,110449.89,0.0,37507.18,1220637.86,12064.41,485759.13,940.9,685942.97,655512.66,452.5,5223.09,274.48,88.32,128264.67,108756.0,13975.11,0.0,0.0,0.0,3522552.61
Feb/2021,20350.18,21953.78,146527.38,0.0,37044.54,1272608.93,10943.51,447847.05,1010.16,669312.88,621712.09,709.18,-308.7,0.0,42.85,286352.94,110937.0,9954.97,0.0,0.0,0.0,3656998.74
Mar/2021,27765.93,29164.03,153583.54,0.0,36954.44,1417379.54,10508.49,513966.39,1291.15,773453.52,692240.49,417.13,116.17,0.0,95.13,187420.65,104570.0,11349.78,0.0,0.0,0.0,3960276.38
Apr/2021,25695.84,39782.05,128870.62,0.0,50964.69,1268491.3,9876.2,466275.27,1029.93,688389.03,610310.75,441.82,71.76,83.0,31.83,222753.58,108795.0,12887.39,0.0,0.0,0.0,3634750.06
May/2021,24652.39,49044.75,124558.01,160.0,52492.11,1188222.54,12741.15,475018.36,935.05,707336.38,643076.84,237.83,9.43,516.7,54.68,208306.63,122958.0,11316.86,0.0,0.0,0.0,3621637.71
Jun/2021,23178.27,29579.19,130750.3,0.0,56780.29,1128077.11,10188.84,475462.79,1118.33,692598.71,637332.81,319.61,66.04,217.0,525.04,221867.31,112843.0,4353.63,0.0,0.0,0.0,3525258.27
Jul/2021,26087.78,28594.62,161178.68,0.0,59802.43,1197398.4,11250.16,500478.6,1116.71,740193.13,665472.94,272.62,-105.71,353.0,193.49,247257.05,89715.0,13270.25,0.0,0.0,0.0,3742529.15
Aug/2021,22702.6,28571.4,108263.65,0.0,50494.29,1104625.93,10524.54,492629.81,1034.76,668221.54,636824.61,480.63,73.11,380.0,0.75,209382.44,118471.0,10196.2,0.0,0.0,0.0,3462877.26
Sep/2021,24886.79,16940.81,119053.02,73.32,54470.85,1102655.34,10578.96,493058.47,1128.98,670418.8,605257.76,316.84,151.91,345.0,6.86,186654.68,91068.0,7911.3,0.0,0.0,0.0,3384977.69
Oct/2021,22594.68,22006.99,111134.14,0.0,55352.31,1166983.39,10922.71,497279.7,374.12,718676.32,675821.54,294.75,-321.14,1350.0,0.13,481888.42,105591.55,7075.41,0.0,0.0,0.0,3877025.02
Nov/2021,24166.33,23458.0,104401.79,0.0,61963.26,1223817.11,10724.39,480432.29,1419.33,708246.27,641916.4,329.07,114.64,0.0,25.16,301772.78,86090.12,14335.88,0.0,0.0,0.0,3683212.82
Dec/2021,22777.04,29373.31,148010.7,0.0,70251.79,1380064.62,14349.94,531775.93,1310.74,821882.15,768102.83,174.21,161.85,0.0,1.74,330630.31,107199.79,12026.93,0.0,0.0,0.0,4238093.88
Jan/2022,26398.49,26627.95,123738.0,0.0,61396.28,1281083.25,13681.79,513015.93,1521.19,683031.84,621512.78,5249.84,188.33,0.0,0.1,349200.82,97622.5,9395.75,0.0,0.0,0.0,3813664.84
Feb/2022,28690.37,22671.15,113402.81,0.0,54437.25,1267195.1,8915.36,519921.04,947.72,661521.58,592106.14,3609.39,126.45,0.0,2.52,440976.25,119968.05,6436.35,0.0,0.0,0.0,3840927.53
Mar/2022,29464.78,31004.35,154357.45,0.0,66914.62,1335367.84,10326.27,483657.43,1523.81,701819.65,598038.47,4287.51,141.38,1500.0,134.92,455044.7,128886.16,7693.95,0.0,0.0,0.0,4010163.29
Apr/2022,25782.82,16827.45,133668.15,-11.79,69048.36,1288232.7,9065.57,493178.4,1390.31,812059.06,569199.43,7109.72,160.61,652.0,394.46,405287.72,104909.33,5358.26,0.0,0.0,0.0,3942312.56
May/2022,25853.21,21737.46,167050.2,-82.52,71003.32,1109576.77,8920.19,515616.02,1333.33,791824.98,483991.63,4737.69,426.14,728.29,166.74,409436.09,101345.62,9698.39,0.0,0.0,0.0,3723363.55
Jun/2022,25887.94,19273.76,104641.21,14.47,68988.11,1102689.46,9445.02,513914.27,1338.21,781009.47,507260.42,4057.9,797.57,2105.56,0.5,362269.01,99404.5,7380.71,0.0,0.0,0.0,3610478.09
Jul/2022,21393.25,27249.06,107271.87,15.71,70983.86,1125984.15,9177.23,513619.25,1142.86,788841.46,554496.9,7441.02,536.57,1519.74,153.09,432128.63,96843.79,7556.06,0.0,0.0,0.0,3766354.5
Aug/2022,23208.91,33587.39,109190.19,-143.0,74443.19,1107348.96,9928.6,541273.94,1292.79,784468.32,581844.42,6487.42,211.02,1573.56,98.6,462195.76,115875.47,7619.59,0.0,0.0,0.0,3860505.13
Sep/2022,22348.19,39127.46,135728.17,0.0,63518.27,1202883.03,10663.38,479529.68,1129.28,760396.15,570632.2,4177.49,88.55,2452.28,46.75,404922.34,100738.0,8249.4,0.0,0.0,0.0,3806630.62
Oct/2022,25580.0,55160.16,131645.27,-94.29,54757.41,979243.31,8890.2,545823.45,1138.12,768784.36,573943.48,7409.45,241.35,1914.45,37.27,352332.22,123296.8,10662.76,0.0,0.0,0.0,3640765.77
Nov/2022,25768.8,72337.43,139804.79,-439.19,67178.42,1165294.16,10785.62,528393.77,1112.59,771173.12,572163.23,5610.95,-3.33,1598.96,67.94,748589.98,137937.12,11728.21,0.0,0.0,0.0,4259102.57
Dec/2022,25304.91,57533.95,135803.78,-286.43,94150.68,1241281.79,8940.56,556737.22,1320.96,865851.44,635953.46,3668.38,362.38,1786.75,60.41,283650.41,135988.0,6824.75,0.0,0.0,0.0,4054933.4
Jan/2023,26561.43,77035.87,105294.71,-380.72,73581.22,1285932.51,9391.16,574148.0,1224.04,804524.73,599501.29,5654.81,540.21,2222.59,142.63,427535.42,112435.87,7647.92,0.0,0.0,0.0,4112993.69
Feb/2023,25841.91,74416.24,116577.42,-287.62,66761.16,1226884.63,8398.95,497273.19,1134.43,737345.64,544144.0,510.4,935.55,1133.8,145.61,311098.09,100237.67,16166.19,0.0,0.0,0.0,3728717.26
Mar/2023,31025.18,69630.4,194492.83,,83431.51,1463008.43,11462.71,588892.16,1514.78,875010.34,656941.64,481.54,-1882.43,2024.49,268.68,311475.22,112090.14,12781.27,0.0,0.0,0.0,4412648.89
Apr/2023,23786.29,74654.67,157844.83,-841.64,80733.64,1247899.39,10553.37,513919.89,1390.03,798128.36,586642.2,415.69,-1568.78,940.32,108.23,322290.11,96434.73,13410.95,0.0,0.0,0.0,3926742.28
May/2023,27142.62,76296.87,221002.66,-797.34,73860.95,1346554.12,12201.45,561767.17,1790.83,866826.79,646221.2,526.03,-2825.2,1652.7,117.0,508981.62,114448.93,15367.18,0.0,0.0,0.0,4471135.58
Jun/2023,20984.44,61945.89,278395.87,-141.21,83670.38,1159045.92,11006.74,532138.9,1757.38,782745.17,616290.21,251.49,-242.23,1479.62,244.37,477277.35,103883.51,13786.74,0.0,0.0,0.0,4144520.54
Jul/2023,26154.75,51822.56,184922.99,-300.65,86543.5,1178454.37,10322.55,521833.56,1668.74,825219.05,642098.16,124.47,61.33,1742.72,289.82,463783.28,103263.65,18098.98,0.0,0.0,0.0,4116103.83
Aug/2023,28448.14,36555.03,177433.27,-370.81,85858.76,1222453.19,11621.18,543825.64,1496.0,851754.02,632333.4,570.27,94.24,1289.49,322.29,578024.4,118906.9,21312.71,0.0,0.0,0.0,4311928.12
Sep/2023,26664.59,30992.39,153538.96,0.0,78170.33,1103622.25,10333.31,517699.48,1309.79,799852.73,597670.26,418.09,58.97,1580.67,407.86,466772.04,98530.47,10044.27,0.0,0.0,0.0,3897666.46
Oct/2023,17666.08,16064.27,140794.11,-231.53,61988.69,998113.39,9768.0,495261.14,1871.98,728741.16,531542.58,163.86,35.57,1538.41,48.39,320934.87,16701.0,16998.76,0.0,0.0,0.0,3358000.73
Nov/2023,27621.73,20210.7,139849.79,0.0,87293.6,1248223.75,11149.45,530542.42,1142.86,807947.98,632180.03,239.31,362.38,1653.74,59.66,277411.44,96347.0,12303.72,0.0,0.0,0.0,3894539.56
Dec/2023,24983.37,14626.67,177249.65,-572.63,96335.03,1334692.15,10583.8,541263.18,1511.9,880233.12,691389.62,146.53,113.22,1283.82,2.18,371910.12,80461.3,14748.21,0.0,0.0,0.0,4240961.24
Jan/2024,28739.0,11541.39,155857.44,-425.4,101931.98,1359012.49,12753.66,548124.45,1428.57,830708.13,658083.66,497.12,58.93,2211.55,63.0,494201.6,91360.15,14764.28,0.0,0.0,0.0,4310912.0
Feb/2024,26061.54,16710.19,116497.67,-374.79,90032.19,1340174.42,12428.51,526897.85,1140.33,818740.16,654059.6,-593.71,-405.69,2061.43,42.15,307639.83,80009.6,21105.25,0.0,0.0,0.0,4012226.53
Mar/2024,25159.01,13146.14,243839.73,-124.51,92065.02,1393324.52,12378.9,523990.91,1510.75,870771.7,671997.05,646.23,94.17,1709.22,0.9,534218.36,87066.32,5069.3,0.0,0.0,0.0,4476863.72
Apr/2024,30759.23,12942.6,169259.07,-408.66,84078.82,1428143.44,13960.16,531880.19,1495.49,847353.15,633520.57,539.51,23.45,2209.47,49.32,270494.0,76628.15,18204.87,0.0,0.0,0.0,4121132.83
May/2024,29422.53,10648.82,407622.36,-679.88,88754.57,1396161.97,11513.25,536754.38,1605.58,894533.14,692427.94,217.62,93.45,1934.08,239.14,522187.82,85210.78,14524.46,0.0,0.0,0.0,4693172.01
Jun/2024,28122.45,12238.87,185666.77,24.6,88648.86,1159042.18,12976.01,523778.26,1130.15,794408.31,629424.37,402.08,129.02,1972.12,76.6,520610.0,72067.92,13313.96,0.0,0.0,0.0,4044032.53
